<?xml version="1.0" encoding="UTF-8"?>
<module><meta><versionid>20170619034347</versionid><priority>10</priority><server>http://sfh.vtrmob.com</server><sequencing>none</sequencing><tags>nmrc-introduction</tags><exportversion>2017011400</exportversion><title lang="en">Introduction to NMRC Videos</title><shortname>introduction-to-nmrc-videos</shortname><description lang="en">This is an Introduction to the incisive video training brought to you by the Nigerian Mortgage Refinance Company</description><langs><lang>en</lang></langs></meta><structure><section order="1"><title lang="en"><![CDATA[Introduction / Welcome]]></title><activities><activity type="page" order="1" digest="b3e40b14da48ae9e7884bc50f56f50be1471"><title lang="en">Introduction</title><location lang="en">01_1471_en.html</location></activity></activities></section></structure></module>
